id;address;email;password;name
1;kiss instance;Yulii.Drozdov@hotmail.com;couch wherever;vivaciously gently
2;readjust when;Evdokim.Trofimova@gmail.com;whose heartbeat;zowie into
3;phew thunderbolt;Viktorin.Sokolova3@gmail.com;oval unzip;unpleasant pressure secret
4;grass;Faina_Artemukeva6@gmail.com;degenerate;calmly
5;damp;Vladlen_Danilova@gmail.com;calmly eek what;phew or
6;segregate geez;Nikanor94@yandex.ru;delight;similar
7;platter gosh;Lukukyan66@gmail.com;into yet scotch;gosh whenever yahoo
8;sleet clamp;Vlas.Mironova31@yahoo.com;oof failing tragic;finally
9;aw fooey whereas;Averkii66@gmail.com;likewise whose now;reach mysteriously
10;quarrelsomely down;Ananii.Kazakova54@gmail.com;maul shush tightly;splash reassuringly reassemble
